Order Number,Toothbrush Type,Order Date,Customer Age,Order Quantity,Delivery Postcode,Billing Postcode,Dispatch Status,Dispatch Date
BRU00010961,Toothbrush 2000,2022/12/01,62,9,CF43 204BG,HD2 1TB,Order Received,2022/12/01
BRU00011111,Toothbrush 2000,2022/12/02,84,5,BA20 202SX,BS22 8FB,Order Confirmed,2022/12/02
BRU00011720,Toothbrush 4000,2022/12/02,29,9,EX32 208BN,B33 9LR,Order Received,2022/12/02
BRU00010859,Toothbrush 4000,2022/12/01,27,1,HA4 206UB,DA11 0AW,Order Confirmed,2022/12/01
BRU00011766,Toothbrush 2000,2022/12/01,83,9,CM15 208RU,G75 8JZ,Order Confirmed,2022/12/01
BRU00011742,Toothbrush 4000,2022/12/02,29,8,HR6 208BQ,CT16 1HR,Order Received,2022/12/02
BRU00011448,Toothbrush 2000,2022/12/02,76,8,EN6 202LX,BB1 2QY,Order Confirmed,2022/12/02
BRU00011577,Toothbrush 4000,2022/12/02,25,1,BB4 208TX,GU6 8TQ,Order Confirmed,2022/12/02
BRU00011567,Toothbrush 2000,2022/12/02,59,1,CF11 201TQ,CV32 5FL,Order Confirmed,2022/12/02
BRU00011692,Toothbrush 2000,2022/12/01,76,9,BB2 206HJ,B76 1GB,Order Received,2022/12/01
BRU00011399,Toothbrush 4000,2022/12/02,32,6,BN50 208AR,CH42 1QL,Order Received,2022/12/02
BRU00011669,Toothbrush 4000,2022/12/02,17,8,EX16 206SN,G71 7DN,Order Confirmed,2022/12/02
BRU00011632,Toothbrush 2000,2022/12/02,74,7,B15 203HG,HS7 5LF,Order Received,2022/12/02
BRU00011154,Toothbrush 2000,2022/12/02,57,3,BN20 207RB,BA2 0DX,Order Received,2022/12/02
BRU00011553,Toothbrush 4000,2022/12/02,21,6,DN3 202HT,CH62 1AE,Order Confirmed,2022/12/02
BRU00011204,Toothbrush 2000,2022/12/01,71,4,DY3 202AW,CA7 8JF,Order Received,2022/12/01
BRU00011759,Toothbrush 4000,2022/12/02,37,5,DG11 203AX,BR1 3QZ,Order Received,2022/12/02
BRU00010900,Toothbrush 4000,2022/12/02,30,6,GL7 201ED,FY2 9PF,Order Confirmed,2022/12/02
BRU00011260,Toothbrush 2000,2022/12/01,105,6,CF5 205HE,BA3 2UJ,Order Confirmed,2022/12/01
BRU00010881,Toothbrush 2000,2022/12/02,56,7,BD19 206LB,CH65 4BY,Order Confirmed,2022/12/02
BRU00011202,Toothbrush 4000,2022/12/01,23,5,AL1 203LH,CH42 1QN,Order Confirmed,2022/12/01
BRU00011530,Toothbrush 4000,2022/12/02,10,6,G20 200DF,BB18 6PF,Order Received,2022/12/02
BRU00011748,Toothbrush 2000,2022/12/01,95,7,GU24 209EG,BN5 9YU,Order Received,2022/12/01
BRU00011518,Toothbrush 4000,2022/12/02,22,3,BD16 203FA,GL17 9JP,Order Confirmed,2022/12/02
BRU00011563,Toothbrush 4000,2022/12/02,30,1,CO16 209HU,CH1 5JG,Order Received,2022/12/02
BRU00011415,Toothbrush 4000,2022/12/02,26,1,G72 209QL,CM9 6ER,Order Confirmed,2022/12/02
BRU00011646,Toothbrush 4000,2022/12/02,39,4,B62 208AP,BN9 9FB,Order Received,2022/12/02
BRU00010875,Toothbrush 4000,2022/12/02,29,1,DY9 207LA,DL5 5AX,Order Confirmed,2022/12/02
BRU00011251,Toothbrush 4000,2022/12/02,16,2,BN16 203JH,GL1 4DF,Order Confirmed,2022/12/02
BRU00011295,Toothbrush 2000,2022/12/01,68,7,E1W 209RT,G31 2TN,Order Confirmed,2022/12/01
BRU00011167,Toothbrush 4000,2022/12/02,27,6,B44 208ED,BS8 4HD,Order Received,2022/12/02
BRU00010829,Toothbrush 4000,2022/12/02,19,9,DL16 206UL,CF5 3PT,Order Received,2022/12/02
BRU00011336,Toothbrush 2000,2022/12/01,72,5,EX16 208LG,EC2Y 8BA,Order Received,2022/12/01
BRU00011026,Toothbrush 4000,2022/12/02,38,3,G5 200PJ,HU16 4DF,Order Confirmed,2022/12/02
BRU00011056,Toothbrush 2000,2022/12/02,44,5,BB2 201QD,CV3 3HU,Order Received,2022/12/02
BRU00011344,Toothbrush 2000,2022/12/02,95,5,CW8 202PL,DY1 4NN,Order Received,2022/12/02
BRU00011175,Toothbrush 2000,2022/12/01,72,6,FK3 208AE,GL56 0UU,Order Confirmed,2022/12/01
BRU00011267,Toothbrush 2000,2022/12/01,70,8,DL17 200LA,FK15 9FG,Order Confirmed,2022/12/01
BRU00011477,Toothbrush 2000,2022/12/01,55,1,G33 201LZ,DG12 6BB,Order Confirmed,2022/12/01
BRU00011546,Toothbrush 4000,2022/12/02,16,2,B48 207SU,BB9 7QJ,Order Received,2022/12/02
BRU00011100,Toothbrush 4000,2022/12/02,32,8,BH15 203BJ,CT19 6JD,Order Received,2022/12/02
BRU00011400,Toothbrush 2000,2022/12/02,71,4,HP2 206HT,AB34 5EG,Order Confirmed,2022/12/02
BRU00011184,Toothbrush 2000,2022/12/02,89,9,BD23 204HE,BR3 4JX,Order Confirmed,2022/12/02
BRU00011317,Toothbrush 4000,2022/12/01,27,6,FY2 209NA,CB1 0HX,Order Received,2022/12/01
BRU00011257,Toothbrush 4000,2022/12/02,21,3,CV12 209LQ,HX3 8HY,Order Confirmed,2022/12/02
BRU00011522,Toothbrush 4000,2022/12/01,15,8,DD3 207BE,CV11 4AU,Order Confirmed,2022/12/01
BRU00011545,Toothbrush 2000,2022/12/01,74,8,CM7 205GX,DH2 1PE,Order Confirmed,2022/12/01
BRU00011203,Toothbrush 4000,2022/12/02,17,8,BS31 201GS,CO4 0JX,Order Received,2022/12/02
BRU00011741,Toothbrush 4000,2022/12/01,14,6,BD21 204AH,IG7 4FE,Order Confirmed,2022/12/01
BRU00011776,Toothbrush 4000,2022/12/01,39,6,B91 203UX,DH1 3AZ,Order Received,2022/12/01
BRU00011392,Toothbrush 2000,2022/12/02,57,3,DH9 200EL,BL3 3AF,Order Received,2022/12/02
BRU00010864,Toothbrush 2000,2022/12/02,69,3,CF31 202JZ,CF44 6YP,Order Confirmed,2022/12/02
BRU00010827,Toothbrush 2000,2022/12/01,70,2,B98 208JF,EH12 9AN,Order Confirmed,2022/12/01
BRU00011711,Toothbrush 4000,2022/12/02,26,3,HP18 209FF,BB4 5UD,Order Confirmed,2022/12/02
BRU00011782,Toothbrush 2000,2022/12/01,67,6,DN31 203AT,EH54 5BH,Order Confirmed,2022/12/01
BRU00011718,Toothbrush 2000,2022/12/02,77,8,EX4 204JR,CO4 5AT,Order Received,2022/12/02
BRU00010912,Toothbrush 4000,2022/12/02,15,2,DT1 201RY,BH21 2DF,Order Received,2022/12/02
BRU00011659,Toothbrush 2000,2022/12/01,64,8,BL1 206BS,CM3 8BH,Order Received,2022/12/01
BRU00011584,Toothbrush 4000,2022/12/02,10,6,CM21 200RL,IP27 9GL,Order Received,2022/12/02
BRU00011636,Toothbrush 4000,2022/12/02,31,6,G33 201AY,B27 6NT,Order Received,2022/12/02
BRU00011361,Toothbrush 4000,2022/12/02,16,4,CO11 201ST,G53 5SR,Order Received,2022/12/02
BRU00011327,Toothbrush 4000,2022/12/01,24,1,CH65 209DX,IM2 3LA,Order Received,2022/12/01
BRU00010845,Toothbrush 2000,2022/12/01,59,9,E14 209TA,HR1 9ST,Order Received,2022/12/01
BRU00010982,Toothbrush 4000,2022/12/01,52,7,DY13 208AB,CO7 6RD,Order Confirmed,2022/12/01
BRU00010886,Toothbrush 4000,2022/12/02,26,6,AB44 201PR,CF64 2RT,Order Received,2022/12/02
BRU00011094,Toothbrush 2000,2022/12/01,66,9,IP25 207GA,CM2 9HP,Order Received,2022/12/01
BRU00011082,Toothbrush 2000,2022/12/01,90,1,BB10 202EZ,DE1 3ND,Order Received,2022/12/01
BRU00010950,Toothbrush 4000,2022/12/02,19,9,BS15 204DX,BD22 8FD,Order Confirmed,2022/12/02
BRU00011305,Toothbrush 2000,2022/12/01,94,1,BR4 209JE,FK2 0GQ,Order Received,2022/12/01
BRU00011325,Toothbrush 4000,2022/12/02,27,3,GU15 202SA,BB7 4AY,Order Received,2022/12/02
BRU00011015,Toothbrush 2000,2022/12/02,90,3,G51 202HF,BN1 4JU,Order Confirmed,2022/12/02
BRU00011097,Toothbrush 4000,2022/12/02,25,8,HG1 202JL,CT4 6DB,Order Confirmed,2022/12/02
BRU00010892,Toothbrush 2000,2022/12/02,75,1,E6 202BA,DL13 5AN,Order Received,2022/12/02
BRU00010904,Toothbrush 2000,2022/12/01,85,8,EN7 205LA,BH20 4NW,Order Received,2022/12/01
BRU00011390,Toothbrush 4000,2022/12/01,31,7,CR2 208QQ,EX5 1AY,Order Received,2022/12/01
BRU00011712,Toothbrush 2000,2022/12/01,59,2,CH41 202SX,G72 0TX,Order Received,2022/12/01
BRU00011665,Toothbrush 4000,2022/12/02,38,3,HP20 201QE,BD16 1QD,Order Confirmed,2022/12/02
BRU00011141,Toothbrush 2000,2022/12/01,62,4,CH66 203PP,DE45 1FD,Order Confirmed,2022/12/01
BRU00010987,Toothbrush 4000,2022/12/01,6,3,DE12 207AX,DY9 9AJ,Order Confirmed,2022/12/02
BRU00011211,Toothbrush 4000,2022/12/02,10,3,BD1 201NN,BS2 8HX,Order Received,2022/12/02
BRU00011284,Toothbrush 4000,2022/12/02,5,6,DE7 209LD,DA15 8WH,Order Received,2022/12/02
BRU00011751,Toothbrush 4000,2022/12/02,21,8,BN2 209XR,B66 4DJ,Order Confirmed,2022/12/02
BRU00011122,Toothbrush 4000,2022/12/02,23,2,CO11 202ND,G64 3NR,Order Received,2022/12/02
BRU00011160,Toothbrush 2000,2022/12/02,79,9,B45 209ES,G64 1RX,Order Received,2022/12/02
BRU00011227,Toothbrush 4000,2022/12/02,14,9,CM20 203RQ,FY7 7AB,Order Confirmed,2022/12/02
BRU00011245,Toothbrush 2000,2022/12/02,66,9,DH7 200QA,DE74 2QH,Order Received,2022/12/02
BRU00011535,Toothbrush 2000,2022/12/01,90,8,BH22 209AX,CH34 9TJ,Order Confirmed,2022/12/01
BRU00011299,Toothbrush 2000,2022/12/01,79,9,CM23 203WB,BD1 2RW,Order Received,2022/12/01
BRU00011098,Toothbrush 2000,2022/12/02,68,5,BN18 200PN,AB42 4PF,Order Confirmed,2022/12/02
BRU00010997,Toothbrush 2000,2022/12/01,82,9,B29 206JB,BA4 6HE,Order Received,2022/12/01
BRU00011707,Toothbrush 4000,2022/12/01,11,6,BN9 200BU,CH48 0QP,Order Confirmed,2022/12/02
BRU00011672,Toothbrush 2000,2022/12/02,77,9,G78 204AH,DY8 5HX,Order Received,2022/12/02
BRU00010863,Toothbrush 4000,2022/12/01,30,9,G83 208LT,CT19 4PS,Order Received,2022/12/01
BRU00011003,Toothbrush 4000,2022/12/02,11,2,CB22 204PY,CO9 2BA,Order Received,2022/12/02
BRU00011753,Toothbrush 2000,2022/12/01,77,5,HU6 208BX,BR2 7BE,Order Confirmed,2022/12/01
BRU00011758,Toothbrush 2000,2022/12/02,69,4,IP23 207PT,DY4 0BH,Order Confirmed,2022/12/02
BRU00011118,Toothbrush 2000,2022/12/01,76,6,DN35 200SJ,E10 7QG,Order Confirmed,2022/12/01
BRU00010874,Toothbrush 4000,2022/12/02,37,6,DE24 203JL,DH7 0SS,Order Confirmed,2022/12/02
BRU00010927,Toothbrush 4000,2022/12/02,31,4,HU4 207DX,GL15 5BX,Order Received,2022/12/02
BRU00011511,Toothbrush 4000,2022/12/01,30,4,DN12 201AB,AB11 5DN,Order Received,2022/12/01
BRU00011032,Toothbrush 4000,2022/12/02,35,9,BH1 204DB,E16 2RG,Order Received,2022/12/02
BRU00011352,Toothbrush 2000,2022/12/02,74,8,CF64 204LN,BS20 7EX,Order Received,2022/12/02
BRU00010981,Toothbrush 2000,2022/12/01,86,7,CH60 202TN,FY2 0HH,Order Received,2022/12/01
BRU00011624,Toothbrush 4000,2022/12/02,20,7,CH4 207FD,CV32 7SJ,Order Received,2022/12/02
BRU00010848,Toothbrush 4000,2022/12/02,19,7,BN41 202TF,AB43 6UG,Order Confirmed,2022/12/02
BRU00011134,Toothbrush 2000,2022/12/01,75,2,BS15 201XS,G72 0HT,Order Received,2022/12/01
BRU00011663,Toothbrush 4000,2022/12/02,2,5,CO10 208UB,CB21 4HH,Order Confirmed,2022/12/02
BRU00011387,Toothbrush 4000,2022/12/01,35,7,BR6 209ED,CT11 9RH,Order Confirmed,2022/12/01
BRU00011430,Toothbrush 4000,2022/12/02,16,4,G51 204PA,DA8 1PQ,Order Received,2022/12/02
BRU00011521,Toothbrush 4000,2022/12/02,10,2,BN11 203NL,G20 0TW,Order Confirmed,2022/12/02
BRU00011091,Toothbrush 4000,2022/12/01,13,1,CH2 204DZ,G43 2BX,Order Received,2022/12/01
BRU00011152,Toothbrush 4000,2022/12/01,38,5,IP18 206HA,IG9 5AE,Order Confirmed,2022/12/01
BRU00011562,Toothbrush 2000,2022/12/02,75,8,BS16 203YF,DG11 2DF,Order Received,2022/12/02
BRU00011606,Toothbrush 4000,2022/12/02,25,8,GL12 208DA,CF32 9YT,Order Confirmed,2022/12/02
BRU00011404,Toothbrush 4000,2022/12/02,33,2,G52 203QG,HA0 3EW,Order Received,2022/12/02
BRU00010888,Toothbrush 2000,2022/12/02,75,4,DA7 204LR,IP18 6DT,Order Received,2022/12/02
BRU00011729,Toothbrush 2000,2022/12/01,68,3,AB55 204ED,DN6 8SP,Order Received,2022/12/01
BRU00011599,Toothbrush 4000,2022/12/01,11,2,CR4 202HF,B16 0PU,Order Received,2022/12/01
BRU00011539,Toothbrush 4000,2022/12/02,9,1,FK2 207YS,CF48 3PH,Order Received,2022/12/02
BRU00010952,Toothbrush 4000,2022/12/01,21,1,CF14 204JY,BD13 3HJ,Order Confirmed,2022/12/01
BRU00010869,Toothbrush 2000,2022/12/02,76,4,CB7 205EH,BN1 7EJ,Order Received,2022/12/02
BRU00011287,Toothbrush 2000,2022/12/01,69,4,DH8 200SB,EN9 2DA,Order Received,2022/12/01
BRU00011565,Toothbrush 2000,2022/12/01,68,3,GL4 205GA,CW1 5SG,Order Confirmed,2022/12/01
BRU00011016,Toothbrush 2000,2022/12/02,92,8,E6 201QL,E11 3HS,Order Confirmed,2022/12/02
BRU00011770,Toothbrush 4000,2022/12/01,24,2,BS25 201BP,DD4 7PF,Order Received,2022/12/01
BRU00011228,Toothbrush 2000,2022/12/01,77,2,B33 209AW,CW11 3NB,Order Received,2022/12/01
BRU00010882,Toothbrush 4000,2022/12/01,18,4,E8 202HN,CT6 6ES,Order Received,2022/12/01
BRU00011002,Toothbrush 4000,2022/12/02,20,4,FY3 209EZ,CF24 3DD,Order Confirmed,2022/12/02
BRU00010836,Toothbrush 4000,2022/12/02,39,4,B26 203RE,CF15 7UQ,Order Received,2022/12/02
BRU00011493,Toothbrush 2000,2022/12/01,70,7,EH14 207JB,E1 4AH,Order Confirmed,2022/12/01
BRU00011187,Toothbrush 4000,2022/12/01,12,7,BN15 200LA,CV3 1LE,Order Confirmed,2022/12/01
BRU00011781,Toothbrush 2000,2022/12/01,83,7,GL52 208PG,BA20 2FD,Order Confirmed,2022/12/01
BRU00011716,Toothbrush 4000,2022/12/02,25,4,HR5 203HH,BS30 8BY,Order Received,2022/12/02
BRU00011555,Toothbrush 2000,2022/12/01,65,6,DN5 207PF,GU47 0SG,Order Confirmed,2022/12/01
BRU00011479,Toothbrush 4000,2022/12/02,18,1,BL0 209QR,DA1 5AF,Order Received,2022/12/02
BRU00011363,Toothbrush 2000,2022/12/02,85,9,CM6 202AA,AL5 5AN,Order Received,2022/12/02
BRU00011377,Toothbrush 4000,2022/12/02,20,9,HU6 200AG,B93 0BU,Order Confirmed,2022/12/02
BRU00011775,Toothbrush 4000,2022/12/01,14,5,GU27 202LP,HP22 4QZ,Order Received,2022/12/01
BRU00011609,Toothbrush 2000,2022/12/01,47,9,IG10 201TS,BN25 4WE,Order Received,2022/12/01
BRU00011785,Toothbrush 2000,2022/12/01,79,5,G41 204LB,HP2 5GG,Order Confirmed,2022/12/01
BRU00011668,Toothbrush 4000,2022/12/02,16,9,DT11 209FJ,EX38 8JE,Order Received,2022/12/02
BRU00011085,Toothbrush 2000,2022/12/02,77,9,DN34 205NL,HP19 9NE,Order Confirmed,2022/12/02
BRU00011452,Toothbrush 2000,2022/12/02,70,1,DE4 204NZ,BB10 3JQ,Order Received,2022/12/02
BRU00011397,Toothbrush 4000,2022/12/02,30,9,GU24 208AQ,GU24 8AQ,Order Received,2022/12/02
BRU00011697,Toothbrush 4000,2022/12/01,36,7,HU3 203YY,HU3 3YY,Order Confirmed,2022/12/01
BRU00011691,Toothbrush 4000,2022/12/02,16,5,IG8 207QW,IG8 7QW,Order Confirmed,2022/12/02
BRU00011485,Toothbrush 4000,2022/12/02,27,7,CV21 201AS,CV21 1AS,Order Confirmed,2022/12/02
BRU00011329,Toothbrush 4000,2022/12/02,20,5,IM1 202PF,IM1 2PF,Order Received,2022/12/02
BRU00011023,Toothbrush 4000,2022/12/02,27,6,DE22 204ES,DE22 4ES,Order Received,2022/12/02
BRU00011685,Toothbrush 4000,2022/12/02,32,9,B92 209NF,B92 9NF,Order Received,2022/12/02
BRU00010871,Toothbrush 2000,2022/12/02,72,7,CF81 208PJ,CF81 8PJ,Order Received,2022/12/02
BRU00011677,Toothbrush 4000,2022/12/02,22,6,BN43 206YP,BN43 6YP,Order Received,2022/12/02
BRU00011608,Toothbrush 2000,2022/12/02,61,5,HP21 209BS,HP21 9BS,Order Confirmed,2022/12/02
BRU00011419,Toothbrush 4000,2022/12/02,32,7,GL7 205RT,GL7 5RT,Order Received,2022/12/02
BRU00011385,Toothbrush 4000,2022/12/02,34,6,CV23 208DZ,CV23 8DZ,Order Confirmed,2022/12/02
BRU00011312,Toothbrush 4000,2022/12/02,35,7,DA3 207DP,DA3 7DP,Order Received,2022/12/02
BRU00010966,Toothbrush 2000,2022/12/02,89,4,GL50 203LX,GL50 3LX,Order Confirmed,2022/12/02
BRU00010849,Toothbrush 2000,2022/12/01,86,6,DL14 207DS,DL14 7DS,Order Confirmed,2022/12/01
BRU00011367,Toothbrush 4000,2022/12/02,9,4,DN9 201AU,DN9 1AU,Order Received,2022/12/02
BRU00011188,Toothbrush 2000,2022/12/01,76,3,CH49 202PT,CH49 2PT,Order Received,2022/12/01
BRU00010821,Toothbrush 4000,2022/12/02,25,7,CW1 205TH,CW1 5TH,Order Confirmed,2022/12/02
BRU00011641,Toothbrush 4000,2022/12/02,33,5,B17 200QB,B17 0QB,Order Received,2022/12/02
BRU00010832,Toothbrush 2000,2022/12/01,62,6,AB31 204PN,AB31 4PN,Order Received,2022/12/01
BRU00011020,Toothbrush 2000,2022/12/02,64,1,B24 200PE,B24 0PE,Order Confirmed,2022/12/02
BRU00011000,Toothbrush 4000,2022/12/02,28,7,CW12 201NY,CW12 1NY,Order Confirmed,2022/12/02
BRU00011715,Toothbrush 2000,2022/12/01,63,8,CV11 204SB,CV11 4SB,Order Received,2022/12/01
BRU00010819,Toothbrush 2000,2022/12/02,79,2,HA9 208RE,HA9 8RE,Order Confirmed,2022/12/02
BRU00011243,Toothbrush 4000,2022/12/02,33,5,CV11 206SH,CV11 6SH,Order Received,2022/12/02
BRU00011431,Toothbrush 4000,2022/12/01,32,7,CA11 208FE,CA11 8FE,Order Received,2022/12/01
BRU00011340,Toothbrush 4000,2022/12/02,37,3,EH14 201ED,EH14 1ED,Order Confirmed,2022/12/02
BRU00010853,Toothbrush 2000,2022/12/01,84,4,HR9 205JS,HR9 5JS,Order Confirmed,2022/12/01
BRU00010889,Toothbrush 2000,2022/12/02,54,5,EH48 204DE,EH48 4DE,Order Confirmed,2022/12/02
BRU00011120,Toothbrush 2000,2022/12/02,73,8,CV7 207FS,CV7 7FS,Order Received,2022/12/02
BRU00011760,Toothbrush 4000,2022/12/02,22,8,B19 201AY,B19 1AY,Order Confirmed,2022/12/02
BRU00011191,Toothbrush 2000,2022/12/02,69,4,HP3 200LP,HP3 0LP,Order Confirmed,2022/12/02
BRU00011226,Toothbrush 4000,2022/12/02,24,5,DL16 206DU,DL16 6DU,Order Confirmed,2022/12/02
BRU00010825,Toothbrush 2000,2022/12/01,63,2,DN37 209BA,DN37 9BA,Order Confirmed,2022/12/01
BRU00010908,Toothbrush 4000,2022/12/02,36,3,B71 203HU,B71 3HU,Order Confirmed,2022/12/02
BRU00011106,Toothbrush 4000,2022/12/02,22,5,BN99 208FE,BN99 8FE,Order Confirmed,2022/12/02
BRU00011282,Toothbrush 4000,2022/12/02,28,6,E7 209LB,E7 9LB,Order Received,2022/12/02
BRU00011326,Toothbrush 2000,2022/12/01,73,3,CB1 203FF,CB1 3FF,Order Confirmed,2022/12/01
BRU00010942,Toothbrush 2000,2022/12/01,74,2,DN35 207NN,DN35 7NN,Order Confirmed,2022/12/01
BRU00010808,Toothbrush 4000,2022/12/01,24,4,DE6 205HA,DE6 5HA,Order Confirmed,2022/12/01
BRU00011206,Toothbrush 4000,2022/12/02,31,5,CF5 202NZ,CF5 2NZ,Order Confirmed,2022/12/02
BRU00011595,Toothbrush 2000,2022/12/01,78,6,CF5 203AF,CF5 3AF,Order Confirmed,2022/12/01
BRU00011607,Toothbrush 4000,2022/12/02,27,5,BS9 202RX,BS9 2RX,Order Received,2022/12/02
BRU00011165,Toothbrush 4000,2022/12/02,30,9,CV11 206NT,CV11 6NT,Order Received,2022/12/02
BRU00011342,Toothbrush 4000,2022/12/02,14,3,EX12 202XN,EX12 2XN,Order Received,2022/12/02
BRU00011722,Toothbrush 4000,2022/12/02,40,9,HU7 204HU,HU7 4HU,Order Received,2022/12/02
BRU00011043,Toothbrush 2000,2022/12/01,73,7,CF62 209TR,CF62 9TR,Order Confirmed,2022/12/01
BRU00010911,Toothbrush 2000,2022/12/01,38,6,EH32 200RF,EH32 0RF,Order Received,2022/12/01
BRU00011060,Toothbrush 2000,2022/12/02,89,7,EH10 204PG,EH10 4PG,Order Received,2022/12/02
BRU00010898,Toothbrush 2000,2022/12/01,55,8,hd62ph,hd62ph,Order Received,2022/12/01
BRU00010984,Toothbrush 2000,2022/12/02,47,4,fy78nx,fy78nx,Order Confirmed,2022/12/02
BRU00011650,Toothbrush 2000,2022/12/02,68,1,ig110fn,ig110fn,Order Confirmed,2022/12/02
BRU00010901,Toothbrush 2000,2022/12/01,68,6,bs67th,bs67th,Order Received,2022/12/01
BRU00011319,Toothbrush 4000,2022/12/02,12,7,b774df,b774df,Order Confirmed,2022/12/02
BRU00011063,Toothbrush 2000,2022/12/01,56,4,g783qr,g783qr,Order Received,2022/12/01
BRU00011644,Toothbrush 2000,2022/12/02,71,5,ab561xf,ab561xf,Order Received,2022/12/02
BRU00010809,Toothbrush 2000,2022/12/02,83,4,hg58nl,hg58nl,Order Received,2022/12/02
BRU00011138,Toothbrush 4000,2022/12/02,29,4,cb87hj,cb87hj,Order Confirmed,2022/12/02
BRU00011209,Toothbrush 2000,2022/12/01,86,4,co79jn,co79jn,Order Confirmed,2022/12/01
BRU00011591,Toothbrush 2000,2022/12/02,66,3,cv349js,cv349js,Order Confirmed,2022/12/02
BRU00011492,Toothbrush 4000,2022/12/02,29,1,gl530er,gl530er,Order Confirmed,2022/12/02
BRU00011635,Toothbrush 2000,2022/12/02,87,9,ab169un,ab169un,Order Confirmed,2022/12/02
BRU00011428,Toothbrush 4000,2022/12/02,16,8,g209ax,g209ax,Order Received,2022/12/02
BRU00011690,Toothbrush 2000,2022/12/02,76,3,dt83lw,dt83lw,Order Confirmed,2022/12/02
BRU00011066,Toothbrush 2000,2022/12/01,66,6,ca287qp,ca287qp,Order Confirmed,2022/12/01
BRU00011153,Toothbrush 4000,2022/12/02,13,8,eh288aa,eh288aa,Order Confirmed,2022/12/02
BRU00011236,Toothbrush 4000,2022/12/02,7,7,hu164af,hu164af,Order Confirmed,2022/12/02
BRU00011670,Toothbrush 2000,2022/12/02,75,4,de139pn,de139pn,Order Received,2022/12/02
BRU00011142,Toothbrush 2000,2022/12/02,68,7,bd231ng,bd231ng,Order Received,2022/12/02
BRU00011010,Toothbrush 2000,2022/12/01,73,6,cw74dq,cw74dq,Order Received,2022/12/01
BRU00011288,Toothbrush 2000,2022/12/01,68,7,g664sp,g664sp,Order Confirmed,2022/12/01
BRU00011445,Toothbrush 4000,2022/12/02,31,2,dy138tb,dy138tb,Order Received,2022/12/02
BRU00011667,Toothbrush 2000,2022/12/02,61,6,bb55rl,bb55rl,Order Received,2022/12/02
BRU00011009,Toothbrush 4000,2022/12/02,29,4,cm13dq,cm13dq,Order Confirmed,2022/12/02
BRU00010993,Toothbrush 2000,2022/12/02,96,1,hu87rx,hu87rx,Order Confirmed,2022/12/02
BRU00011192,Toothbrush 2000,2022/12/02,66,4,hp135sg,hp135sg,Order Confirmed,2022/12/02
BRU00011756,Toothbrush 2000,2022/12/01,51,7,hx62ph,hx62ph,Order Received,2022/12/01
BRU00010940,Toothbrush 4000,2022/12/02,35,1,eh414be,eh414be,Order Received,2022/12/02
BRU00011131,Toothbrush 4000,2022/12/02,30,5,hd80ad,hd80ad,Order Received,2022/12/02
BRU00011698,Toothbrush 2000,2022/12/02,88,7,ex393np,ex393np,Order Received,2022/12/02
BRU00010826,Toothbrush 4000,2022/12/01,26,8,b46ey,b46ey,Order Confirmed,2022/12/01
BRU00011603,Toothbrush 4000,2022/12/01,25,2,dn173ll,dn173ll,Order Received,2022/12/01
BRU00010891,Toothbrush 2000,2022/12/01,75,6,bb15sb,bb15sb,Order Received,2022/12/01
BRU00011473,Toothbrush 4000,2022/12/02,26,7,gl32pl,gl32pl,Order Confirmed,2022/12/02
BRU00010992,Toothbrush 2000,2022/12/02,82,1,hu170az,hu170az,Order Received,2022/12/02
BRU00011764,Toothbrush 2000,2022/12/02,58,3,g742ld,g742ld,Order Received,2022/12/02
BRU00011170,Toothbrush 2000,2022/12/02,76,3,b100dp,b100dp,Order Received,2022/12/02
BRU00011221,Toothbrush 2000,2022/12/01,77,5,cf374at,cf374at,Order Confirmed,2022/12/01
BRU00011750,Toothbrush 2000,2022/12/01,75,1,g614qn,g614qn,Order Confirmed,2022/12/01
BRU00011039,Toothbrush 2000,2022/12/02,56,2,cw28qn,cw28qn,Order Received,2022/12/02
BRU00010921,Toothbrush 2000,2022/12/02,84,2,dd47bd,dd47bd,Order Received,2022/12/02
BRU00010937,Toothbrush 2000,2022/12/02,73,2,ch53bx,ch53bx,Order Confirmed,2022/12/02
BRU00011425,Toothbrush 4000,2022/12/02,39,5,g760na,g760na,Order Confirmed,2022/12/02
BRU00011214,Toothbrush 2000,2022/12/01,74,4,bs43jz,bs43jz,Order Received,2022/12/01
BRU00011250,Toothbrush 2000,2022/12/01,51,5,dy117sa,dy117sa,Order Received,2022/12/01
BRU00011592,Toothbrush 4000,2022/12/02,12,3,cb215ns,cb215ns,Order Received,2022/12/02
BRU00011647,Toothbrush 2000,2022/12/01,75,1,ba13lr,ba13lr,Order Received,2022/12/01
BRU00011368,Toothbrush 4000,2022/12/01,35,6,cf242qa,cf242qa,Order Received,2022/12/01
BRU00011571,Toothbrush 4000,2022/12/02,32,8,ca117ph,ca117ph,Order Confirmed,2022/12/02
BRU00011589,Toothbrush 2000,2022/12/01,60,4,cb89ep,cb89ep,Order Received,2022/12/01
BRU00011767,Toothbrush 2000,2022/12/02,80,7,b114ar,b114ar,Order Received,2022/12/02
BRU00011157,Toothbrush 4000,2022/12/01,23,6,ba16pd,ba16pd,Order Received,2022/12/01
BRU00011031,Toothbrush 2000,2022/12/02,68,8,bh25rt,bh25rt,Order Confirmed,2022/12/02
BRU00011197,Toothbrush 2000,2022/12/01,86,6,g212aa,g212aa,Order Received,2022/12/01
BRU00011464,Toothbrush 4000,2022/12/01,24,8,gu358rh,gu358rh,Order Received,2022/12/01
BRU00011735,Toothbrush 2000,2022/12/02,65,6,ca288nn,ca288nn,Order Confirmed,2022/12/02
BRU00011648,Toothbrush 2000,2022/12/02,87,9,hu95bd,hu95bd,Order Received,2022/12/02
BRU00011119,Toothbrush 2000,2022/12/01,83,2,dl23jd,dl23jd,Order Confirmed,2022/12/01
BRU00011265,Toothbrush 4000,2022/12/02,20,6,b743hd,b743hd,Order Confirmed,2022/12/03
BRU00011615,Toothbrush 2000,2022/12/01,65,4,gu513dn,gu513dn,Order Confirmed,2022/12/01
BRU00011283,Toothbrush 2000,2022/12/01,71,8,g320hl,g320hl,Order Received,2022/12/01
BRU00011353,Toothbrush 4000,2022/12/01,30,5,al14qg,al14qg,Order Received,2022/12/01
BRU00011570,Toothbrush 4000,2022/12/02,22,4,gl128ja,gl128ja,Order Received,2022/12/02
BRU00011112,Toothbrush 4000,2022/12/02,27,3,al60qf,al60qf,Order Confirmed,2022/12/02
BRU00010804,Toothbrush 2000,2022/12/01,66,4,b321ag,b321ag,Order Confirmed,2022/12/01
BRU00011225,Toothbrush 2000,2022/12/01,91,6,g734dh,g734dh,Order Confirmed,2022/12/01
BRU00010953,Toothbrush 4000,2022/12/02,27,8,bn274tl,bn274tl,Order Received,2022/12/02
BRU00011261,Toothbrush 2000,2022/12/02,93,2,ch15at,ch15at,Order Confirmed,2022/12/02
BRU00011168,Toothbrush 4000,2022/12/02,26,3,ab392hw,ab392hw,Order Received,2022/12/02
BRU00011732,Toothbrush 4000,2022/12/01,17,6,fk83th,fk83th,Order Confirmed,2022/12/01
BRU00011058,Toothbrush 4000,2022/12/02,27,2,br67ud,br67ud,Order Received,2022/12/02
BRU00011294,Toothbrush 2000,2022/12/01,71,5,g605ha,g605ha,Order Confirmed,2022/12/01
BRU00010954,Toothbrush 2000,2022/12/02,80,2,bb26eg,bb26eg,Order Confirmed,2022/12/02
BRU00011617,Toothbrush 2000,2022/12/01,84,7,dg14se,dg14se,Order Confirmed,2022/12/01
BRU00010828,Toothbrush 2000,2022/12/02,92,6,bb56lb,bb56lb,Order Received,2022/12/02
BRU00011600,Toothbrush 4000,2022/12/02,21,5,hx20lb,hx20lb,Order Confirmed,2022/12/02
BRU00011462,Toothbrush 4000,2022/12/01,31,6,gu271le,gu271le,Order Received,2022/12/01
BRU00011166,Toothbrush 4000,2022/12/02,23,2,cf447lt,cf447lt,Order Confirmed,2022/12/02
BRU00011702,Toothbrush 2000,2022/12/02,69,4,hd76js,hd76js,Order Confirmed,2022/12/02
BRU00010812,Toothbrush 2000,2022/12/02,81,1,cv357nl,cv357nl,Order Received,2022/12/02
BRU00011586,Toothbrush 2000,2022/12/02,68,1,fk29qa,fk29qa,Order Received,2022/12/02
BRU00010807,Toothbrush 2000,2022/12/02,75,1,hd47qt,hd47qt,Order Confirmed,2022/12/02
BRU00010926,Toothbrush 4000,2022/12/02,8,3,bs93ez,bs93ez,Order Confirmed,2022/12/02
BRU00010896,Toothbrush 2000,2022/12/01,78,8,ab422ws,ab422ws,Order Received,2022/12/01
BRU00010837,Toothbrush 4000,2022/12/02,31,9,ig80rr,ig80rr,Order Confirmed,2022/12/02
BRU00011218,Toothbrush 4000,2022/12/01,20,5,dd15aq,dd15aq,Order Confirmed,2022/12/01
BRU00011307,Toothbrush 4000,2022/12/02,29,5,dd48qr,dd48qr,Order Received,2022/12/02
BRU00011519,Toothbrush 4000,2022/12/02,25,3,cr52au,cr52au,Order Confirmed,2022/12/02
BRU00011068,Toothbrush 2000,2022/12/02,89,9,bs226ra,bs226ra,Order Confirmed,2022/12/02
BRU00011277,Toothbrush 2000,2022/12/02,65,4,ch629eg,ch629eg,Order Received,2022/12/02
BRU00010934,Toothbrush 4000,2022/12/02,36,7,eh164ea,eh164ea,Order Confirmed,2022/12/02
BRU00011233,Toothbrush 4000,2022/12/02,48,8,b330dr,b330dr,Order Confirmed,2022/12/02
BRU00011412,Toothbrush 4000,2022/12/01,16,5,hr11gj,hr11gj,Order Received,2022/12/01
BRU00011101,Toothbrush 4000,2022/12/02,31,6,hx63hx,hx63hx,Order Received,2022/12/02
BRU00011512,Toothbrush 4000,2022/12/02,11,3,dt47ng,dt47ng,Order Received,2022/12/02
BRU00011440,Toothbrush 2000,2022/12/01,65,8,g728ah,g728ah,Order Received,2022/12/01
BRU00011501,Toothbrush 2000,2022/12/02,91,2,hr97tb,hr97tb,Order Received,2022/12/02
BRU00010978,Toothbrush 4000,2022/12/02,20,5,dl15ax,dl15ax,Order Received,2022/12/02
BRU00011040,Toothbrush 4000,2022/12/02,28,5,bn115ae,bn115ae,Order Received,2022/12/02
BRU00010842,Toothbrush 2000,2022/12/02,67,5,bs50hh,bs50hh,Order Confirmed,2022/12/02
BRU00011237,Toothbrush 4000,2022/12/02,12,2,dd30ry,dd30ry,Order Confirmed,2022/12/02
BRU00011476,Toothbrush 4000,2022/12/02,25,2,b496ds,b496ds,Order Confirmed,2022/12/02
BRU00010959,Toothbrush 2000,2022/12/01,81,6,eh548py,eh548py,Order Confirmed,2022/12/01
BRU00011660,Toothbrush 2000,2022/12/01,71,6,fy39ln,fy39ln,Order Confirmed,2022/12/01
BRU00010806,Toothbrush 2000,2022/12/01,77,1,ex173pz,ex173pz,Order Received,2022/12/01
BRU00011193,Toothbrush 4000,2022/12/02,29,1,bs58ed,bs58ed,Order Received,2022/12/02
BRU00011786,Toothbrush 2000,2022/12/02,89,4,bl83ls,bl83ls,Order Confirmed,2022/12/02
BRU00011268,Toothbrush 4000,2022/12/02,26,4,ip186ta,ip186ta,Order Received,2022/12/02
BRU00011673,Toothbrush 2000,2022/12/01,90,1,hr69jf,hr69jf,Order Confirmed,2022/12/01
BRU00011121,Toothbrush 4000,2022/12/01,30,7,ab565jy,ab565jy,Order Confirmed,2022/12/01
BRU00011164,Toothbrush 4000,2022/12/02,6,2,bn252tb,bn252tb,Order Received,2022/12/02
BRU00011406,Toothbrush 2000,2022/12/02,79,3,bs110ex,bs110ex,Order Confirmed,2022/12/02
BRU00010856,Toothbrush 2000,2022/12/01,56,6,bs91ph,bs91ph,Order Received,2022/12/02
BRU00010884,Toothbrush 4000,2022/12/02,24,4,dn312qw,dn312qw,Order Received,2022/12/02
BRU00011585,Toothbrush 4000,2022/12/02,12,3,eh106hh,eh106hh,Order Confirmed,2022/12/02
BRU00011133,Toothbrush 4000,2022/12/02,14,6,de43ar,de43ar,Order Confirmed,2022/12/02
BRU00011148,Toothbrush 4000,2022/12/02,32,5,ba77aw,ba77aw,Order Confirmed,2022/12/02
BRU00010989,Toothbrush 2000,2022/12/02,69,1,fy83ht,fy83ht,Order Received,2022/12/02
BRU00011514,Toothbrush 4000,2022/12/02,22,3,hp25ng,hp25ng,Order Confirmed,2022/12/02
BRU00011219,Toothbrush 2000,2022/12/02,60,6,da176lj,da176lj,Order Received,2022/12/02
BRU00010948,Toothbrush 2000,2022/12/01,64,7,dn319sf,dn319sf,Order Confirmed,2022/12/01
BRU00011388,Toothbrush 4000,2022/12/02,30,2,ha54nn,ha54nn,Order Received,2022/12/02
BRU00011714,Toothbrush 2000,2022/12/02,86,1,ba12du,ba12du,Order Confirmed,2022/12/02
BRU00011708,Toothbrush 4000,2022/12/02,53,5,eh355lb,eh355lb,Order Received,2022/12/02
BRU00011088,Toothbrush 4000,2022/12/01,29,5,gy79jf,gy79jf,Order Received,2022/12/01
BRU00011508,Toothbrush 4000,2022/12/02,21,8,cf831hx,cf831hx,Order Confirmed,2022/12/02
BRU00011314,Toothbrush 4000,2022/12/02,24,9,bh193yh,bh193yh,Order Confirmed,2022/12/02
BRU00011332,Toothbrush 4000,2022/12/02,19,9,hd96pp,hd96pp,Order Received,2022/12/02
BRU00010946,Toothbrush 4000,2022/12/02,11,4,b54sj,b54sj,Order Confirmed,2022/12/02
BRU00011780,Toothbrush 4000,2022/12/02,14,5,g412eh,g412eh,Order Confirmed,2022/12/02
BRU00011727,Toothbrush 4000,2022/12/02,18,9,bs106jz,bs106jz,Order Received,2022/12/02
BRU00010872,Toothbrush 4000,2022/12/02,16,3,dn84ng,dn84ng,Order Confirmed,2022/12/02
BRU00011254,Toothbrush 2000,2022/12/02,82,9,al48nw,al48nw,Order Confirmed,2022/12/02
BRU00011269,Toothbrush 4000,2022/12/02,33,6,dh76pl,dh76pl,Order Confirmed,2022/12/02
BRU00011035,Toothbrush 4000,2022/12/01,22,3,b761sa,b761sa,Order Confirmed,2022/12/02
BRU00011687,Toothbrush 4000,2022/12/02,21,2,cf244ex,cf244ex,Order Received,2022/12/02
BRU00011550,Toothbrush 2000,2022/12/01,77,9,cv35dh,cv35dh,Order Confirmed,2022/12/01
BRU00011576,Toothbrush 4000,2022/12/01,38,9,dh47hz,dh47hz,Order Confirmed,2022/12/02
BRU00011285,Toothbrush 2000,2022/12/01,69,2,da81dh,da81dh,Order Confirmed,2022/12/01
BRU00010805,Toothbrush 2000,2022/12/01,78,3,cv358uq,cv358uq,Order Received,2022/12/01
BRU00011604,Toothbrush 4000,2022/12/02,25,8,hp157dw,hp157dw,Order Received,2022/12/02
BRU00011370,Toothbrush 2000,2022/12/02,79,3,bs240pa,bs240pa,Order Confirmed,2022/12/02
BRU00011422,Toothbrush 4000,2022/12/02,19,5,bn228bn,bn228bn,Order Received,2022/12/02
BRU00011169,Toothbrush 2000,2022/12/01,56,1,ca75jl,ca75jl,Order Received,2022/12/01
BRU00011359,Toothbrush 4000,2022/12/02,29,8,gy13sn,gy13sn,Order Received,2022/12/02
BRU00010995,Toothbrush 2000,2022/12/01,79,1,de141lj,de141lj,Order Confirmed,2022/12/01
BRU00011630,Toothbrush 2000,2022/12/02,60,3,ba202fs,ba202fs,Order Confirmed,2022/12/02
BRU00011633,Toothbrush 4000,2022/12/01,28,2,gl207rg,gl207rg,Order Received,2022/12/01
BRU00010916,Toothbrush 2000,2022/12/02,66,4,dt48aw,dt48aw,Order Received,2022/12/02
BRU00010980,Toothbrush 4000,2022/12/01,20,3,cf52hr,cf52hr,Order Confirmed,2022/12/02
BRU00011096,Toothbrush 2000,2022/12/01,77,2,g830jd,g830jd,Order Confirmed,2022/12/01
BRU00011706,Toothbrush 2000,2022/12/02,76,2,ex30pf,ex30pf,Order Received,2022/12/02
BRU00011534,Toothbrush 4000,2022/12/02,12,8,ex42ee,ex42ee,Order Confirmed,2022/12/02
BRU00011728,Toothbrush 2000,2022/12/01,70,6,eh139eg,eh139eg,Order Received,2022/12/01
BRU00011049,Toothbrush 2000,2022/12/01,62,6,bh232re,bh232re,Order Confirmed,2022/12/01
BRU00010945,Toothbrush 2000,2022/12/01,74,7,b712rn,b712rn,Order Confirmed,2022/12/01
BRU00010956,Toothbrush 2000,2022/12/02,101,9,hu179ds,hu179ds,Order Confirmed,2022/12/02
BRU00011731,Toothbrush 2000,2022/12/01,82,3,bh207hz,bh207hz,Order Confirmed,2022/12/01
BRU00011158,Toothbrush 4000,2022/12/02,42,1,ba215ft,ba215ft,Order Confirmed,2022/12/02
BRU00011525,Toothbrush 4000,2022/12/01,28,8,cm63lp,cm63lp,Order Confirmed,2022/12/01
BRU00011745,Toothbrush 4000,2022/12/01,37,8,dd54sj,dd54sj,Order Received,2022/12/01
BRU00011483,Toothbrush 2000,2022/12/01,64,9,bs481rq,bs481rq,Order Confirmed,2022/12/02
BRU00010885,Toothbrush 2000,2022/12/02,72,7,cv344sg,cv344sg,Order Received,2022/12/02
BRU00011355,Toothbrush 2000,2022/12/01,82,8,ig80eg,ig80eg,Order Confirmed,2022/12/01
BRU00011703,Toothbrush 4000,2022/12/02,33,2,ex168hd,ex168hd,Order Confirmed,2022/12/02
BRU00011772,Toothbrush 4000,2022/12/01,25,7,gu97sw,gu97sw,Order Confirmed,2022/12/01
BRU00010975,Toothbrush 4000,2022/12/02,21,1,hd46qh,hd46qh,Order Received,2022/12/02
BRU00011497,Toothbrush 2000,2022/12/02,55,6,cw72nh,cw72nh,Order Confirmed,2022/12/02
BRU00010957,Toothbrush 4000,2022/12/01,29,8,bh189au,bh189au,Order Confirmed,2022/12/01
BRU00010834,Toothbrush 4000,2022/12/01,28,8,gu73dx,gu73dx,Order Received,2022/12/01
BRU00010962,Toothbrush 2000,2022/12/02,53,1,co58pu,co58pu,Order Received,2022/12/02
BRU00011323,Toothbrush 4000,2022/12/02,35,1,bs44sx,bs44sx,Order Received,2022/12/02
BRU00011365,Toothbrush 2000,2022/12/01,87,3,ex137ne,ex137ne,Order Confirmed,2022/12/01
BRU00011298,Toothbrush 2000,2022/12/01,70,2,dh34jr,dh34jr,Order Received,2022/12/01
BRU00011467,Toothbrush 2000,2022/12/02,80,5,hu52jg,hu52jg,Order Received,2022/12/02
BRU00011575,Toothbrush 2000,2022/12/02,79,5,ct66rg,ct66rg,Order Received,2022/12/02
BRU00011602,Toothbrush 2000,2022/12/02,65,8,ch636ha,ch636ha,Order Confirmed,2022/12/02
BRU00010973,Toothbrush 4000,2022/12/02,33,9,eh546bs,eh546bs,Order Received,2022/12/02
BRU00011393,Toothbrush 2000,2022/12/02,80,8,cm234fq,cm234fq,Order Confirmed,2022/12/02
BRU00011484,Toothbrush 4000,2022/12/02,28,3,b377ep,b377ep,Order Confirmed,2022/12/02
BRU00011517,Toothbrush 2000,2022/12/02,66,2,cm49le,cm49le,Order Received,2022/12/02
BRU00011041,Toothbrush 2000,2022/12/01,83,1,g663tp,g663tp,Order Received,2022/12/01
BRU00010985,Toothbrush 4000,2022/12/01,33,4,b201al,b201al,Order Received,2022/12/01
BRU00011541,Toothbrush 4000,2022/12/01,26,8,fk20se,fk20se,Order Received,2022/12/01
BRU00010820,Toothbrush 4000,2022/12/02,16,5,cr27je,cr27je,Order Confirmed,2022/12/02
BRU00011549,Toothbrush 4000,2022/12/02,29,7,ha12pa,ha12pa,Order Confirmed,2022/12/02
BRU00010936,Toothbrush 4000,2022/12/02,26,4,bn253eb,bn253eb,Order Confirmed,2022/12/02
BRU00011347,Toothbrush 4000,2022/12/02,22,5,e149bh,e149bh,Order Received,2022/12/02
BRU00011213,Toothbrush 4000,2022/12/02,2,4,bs153ed,bs153ed,Order Received,2022/12/02
BRU00010833,Toothbrush 4000,2022/12/01,26,9,ip123fd,ip123fd,Order Received,2022/12/01
BRU00011238,Toothbrush 2000,2022/12/02,79,3,b459de,b459de,Order Received,2022/12/02
BRU00011409,Toothbrush 2000,2022/12/01,84,8,bb129jy,bb129jy,Order Confirmed,2022/12/01
BRU00011768,Toothbrush 4000,2022/12/02,34,1,hd22sb,hd22sb,Order Confirmed,2022/12/02
BRU00011475,Toothbrush 4000,2022/12/02,-5,8,gl60af,gl60af,Order Received,2022/12/02
BRU00010814,Toothbrush 2000,2022/12/01,57,4,ab452nj,ab452nj,Order Received,2022/12/01
BRU00011693,Toothbrush 2000,2022/12/01,79,5,br12az,br12az,Order Confirmed,2022/12/01
BRU00011113,Toothbrush 4000,2022/12/01,33,7,bh80jw,bh80jw,Order Received,2022/12/01
BRU00011441,Toothbrush 2000,2022/12/01,79,5,ct95dh,ct95dh,Order Received,2022/12/01
BRU00010803,Toothbrush 2000,2022/12/01,77,8,da144qn,da144qn,Order Received,2022/12/01
BRU00011507,Toothbrush 2000,2022/12/01,65,2,ct202be,ct202be,Order Confirmed,2022/12/01
BRU00010839,Toothbrush 4000,2022/12/02,36,5,ca222fj,ca222fj,Order Confirmed,2022/12/02
BRU00010965,Toothbrush 4000,2022/12/02,25,4,cm26se,cm26se,Order Received,2022/12/02
BRU00011004,Toothbrush 4000,2022/12/01,29,7,gy68lr,gy68lr,Order Received,2022/12/01
BRU00011679,Toothbrush 4000,2022/12/02,16,3,ch658eb,ch658eb,Order Received,2022/12/03
BRU00011095,Toothbrush 2000,2022/12/02,58,8,g811nj,g811nj,Order Received,2022/12/02
BRU00010958,Toothbrush 2000,2022/12/02,78,2,bh234dt,bh234dt,Order Confirmed,2022/12/02
BRU00010870,Toothbrush 2000,2022/12/01,70,4,dy83up,dy83up,Order Confirmed,2022/12/01
BRU00010893,Toothbrush 2000,2022/12/01,67,8,cf819af,cf819af,Order Confirmed,2022/12/01
BRU00011470,Toothbrush 4000,2022/12/01,39,8,en20nj,en20nj,Order Confirmed,2022/12/01
BRU00011196,Toothbrush 2000,2022/12/02,66,8,hp69sr,hp69sr,Order Confirmed,2022/12/02
BRU00011494,Toothbrush 4000,2022/12/02,21,2,bb30qg,bb30qg,Order Received,2022/12/02
BRU00011248,Toothbrush 4000,2022/12/02,33,8,ba140sq,ba140sq,Order Confirmed,2022/12/02
BRU00011682,Toothbrush 4000,2022/12/02,21,3,dn140pe,dn140pe,Order Received,2022/12/02
BRU00010813,Toothbrush 4000,2022/12/02,26,5,g413uh,g413uh,Order Received,2022/12/02
BRU00011710,Toothbrush 2000,2022/12/01,73,3,g718fj,g718fj,Order Confirmed,2022/12/01
BRU00011538,Toothbrush 4000,2022/12/01,25,8,en61lg,en61lg,Order Confirmed,2022/12/01
BRU00011757,Toothbrush 4000,2022/12/02,31,3,b67xx,b67xx,Order Received,2022/12/02
BRU00011264,Toothbrush 2000,2022/12/01,76,9,gu112eg,gu112eg,Order Received,2022/12/01
BRU00010841,Toothbrush 4000,2022/12/02,22,9,cf434xx,cf434xx,Order Confirmed,2022/12/02
BRU00011634,Toothbrush 2000,2022/12/01,74,6,dn106nr,dn106nr,Order Confirmed,2022/12/01
BRU00011746,Toothbrush 2000,2022/12/02,68,6,dt20nl,dt20nl,Order Confirmed,2022/12/02
BRU00011025,Toothbrush 4000,2022/12/01,19,8,g40as,g40as,Order Confirmed,2022/12/01
BRU00011472,Toothbrush 2000,2022/12/02,65,7,bs65el,bs65el,Order Received,2022/12/02
BRU00011713,Toothbrush 2000,2022/12/02,81,6,hu178hg,hu178hg,Order Confirmed,2022/12/02
BRU00011429,Toothbrush 2000,2022/12/01,65,9,cv91pz,cv91pz,Order Received,2022/12/01
BRU00011322,Toothbrush 2000,2022/12/02,70,6,dy51ad,dy51ad,Order Confirmed,2022/12/02
BRU00011240,Toothbrush 2000,2022/12/01,66,4,cb79gj,cb79gj,Order Confirmed,2022/12/01
BRU00011611,Toothbrush 4000,2022/12/02,43,9,ca11pp,ca11pp,Order Received,2022/12/02
BRU00011224,Toothbrush 4000,2022/12/01,32,5,bn86ag,bn86ag,Order Received,2022/12/01
BRU00011011,Toothbrush 2000,2022/12/02,83,1,dy101sh,dy101sh,Order Confirmed,2022/12/02
BRU00010977,Toothbrush 2000,2022/12/02,85,1,dy90lq,dy90lq,Order Confirmed,2022/12/02
BRU00011613,Toothbrush 4000,2022/12/02,32,1,b487bs,b487bs,Order Received,2022/12/02
BRU00011108,Toothbrush 2000,2022/12/02,83,1,dl79hj,dl79hj,Order Confirmed,2022/12/02
BRU00011334,Toothbrush 2000,2022/12/01,76,3,dh88al,dh88al,Order Received,2022/12/01
BRU00011436,Toothbrush 4000,2022/12/01,12,9,bl67dd,bl67dd,Order Confirmed,2022/12/02
BRU00011242,Toothbrush 2000,2022/12/01,76,3,bh64hu,bh64hu,Order Received,2022/12/01
BRU00011302,Toothbrush 4000,2022/12/02,26,1,ba213sq,ba213sq,Order Confirmed,2022/12/02
BRU00010858,Toothbrush 4000,2022/12/02,34,6,DN33 1NL,DN33   1NL,Order Received,2022/12/02
BRU00011666,Toothbrush 2000,2022/12/01,44,3,G72 0SS,G72   0SS,Order Confirmed,2022/12/02
BRU00011460,Toothbrush 2000,2022/12/01,90,1,BH23 7JX,BH23   7JX,Order Confirmed,2022/12/01
BRU00011362,Toothbrush 4000,2022/12/02,22,5,CW11 2GD,CW11   2GD,Order Confirmed,2022/12/02
BRU00011006,Toothbrush 4000,2022/12/02,18,2,EH51 9HT,EH51   9HT,Order Received,2022/12/02
BRU00011286,Toothbrush 2000,2022/12/01,75,5,CW12 4RY,CW12   4RY,Order Confirmed,2022/12/01
BRU00011717,Toothbrush 2000,2022/12/02,74,9,EN4 8QR,EN4   8QR,Order Received,2022/12/02
BRU00011328,Toothbrush 2000,2022/12/01,74,3,IP12 2ED,IP12   2ED,Order Received,2022/12/01
BRU00011038,Toothbrush 2000,2022/12/02,68,8,CO10 0WF,CO10   0WF,Order Confirmed,2022/12/02
BRU00011292,Toothbrush 4000,2022/12/01,47,1,CM9 4SF,CM9   4SF,Order Received,2022/12/01
BRU00011220,Toothbrush 4000,2022/12/01,43,6,B21 0HT,B21   0HT,Order Received,2022/12/01
BRU00011471,Toothbrush 4000,2022/12/02,24,2,B29 7NY,B29   7NY,Order Confirmed,2022/12/02
BRU00010909,Toothbrush 4000,2022/12/02,41,6,CW6 9BB,CW6   9BB,Order Confirmed,2022/12/02
BRU00011427,Toothbrush 4000,2022/12/02,8,7,CM4 9PJ,CM4   9PJ,Order Confirmed,2022/12/02
BRU00011533,Toothbrush 4000,2022/12/01,22,5,BR3 3HT,BR3   3HT,Order Received,2022/12/01
BRU00011762,Toothbrush 2000,2022/12/01,78,6,AB15 4DY,AB15   4DY,Order Confirmed,2022/12/01
BRU00010913,Toothbrush 4000,2022/12/01,15,2,AB56 1AX,AB56   1AX,Order Confirmed,2022/12/02
BRU00011372,Toothbrush 2000,2022/12/02,73,9,EX38 8PA,EX38   8PA,Order Received,2022/12/02
BRU00011449,Toothbrush 4000,2022/12/02,31,5,CH44 2BX,CH44   2BX,Order Confirmed,2022/12/02
BRU00011099,Toothbrush 4000,2022/12/02,28,6,EH30 9PB,EH30   9PB,Order Confirmed,2022/12/02
BRU00011163,Toothbrush 2000,2022/12/02,87,9,DT1 3RD,DT1   3RD,Order Confirmed,2022/12/02
BRU00011749,Toothbrush 4000,2022/12/02,29,5,CH63 0HJ,CH63   0HJ,Order Received,2022/12/02
BRU00011411,Toothbrush 4000,2022/12/02,11,8,B26 1DU,B26   1DU,Order Received,2022/12/02
BRU00011185,Toothbrush 2000,2022/12/02,63,9,BN2 3QH,BN2   3QH,Order Received,2022/12/02
BRU00011468,Toothbrush 2000,2022/12/02,73,3,BN14 8ED,BN14   8ED,Order Received,2022/12/02
BRU00011065,Toothbrush 4000,2022/12/02,29,8,BS22 9RY,BS22   9RY,Order Confirmed,2022/12/02
BRU00011652,Toothbrush 2000,2022/12/01,72,9,B70 0TX,B70   0TX,Order Confirmed,2022/12/01
BRU00010877,Toothbrush 2000,2022/12/02,93,4,B26 1QP,B26   1QP,Order Received,2022/12/02
BRU00011105,Toothbrush 2000,2022/12/01,71,5,EN1 2FE,EN1   2FE,Order Confirmed,2022/12/01
BRU00011069,Toothbrush 2000,2022/12/01,81,7,BN3 5PF,BN3   5PF,Order Received,2022/12/01
BRU00011301,Toothbrush 2000,2022/12/01,50,9,B46 3ER,B46   3ER,Order Received,2022/12/01
BRU00010941,Toothbrush 2000,2022/12/02,94,1,CT9 1EY,CT9   1EY,Order Confirmed,2022/12/02
BRU00011280,Toothbrush 2000,2022/12/01,82,5,HP13 5DN,HP13   5DN,Order Received,2022/12/01
BRU00011384,Toothbrush 4000,2022/12/01,24,3,AB38 9SD,AB38   9SD,Order Received,2022/12/01
BRU00010970,Toothbrush 2000,2022/12/02,58,1,HA2 7AW,HA2   7AW,Order Received,2022/12/02
BRU00011434,Toothbrush 4000,2022/12/02,33,1,CB24 8UN,CB24   8UN,Order Confirmed,2022/12/02
BRU00011186,Toothbrush 2000,2022/12/02,80,1,HP18 9SB,HP18   9SB,Order Received,2022/12/02
BRU00011502,Toothbrush 4000,2022/12/02,17,8,CB22 5SS,CB22   5SS,Order Received,2022/12/02
BRU00011529,Toothbrush 2000,2022/12/02,72,1,FY5 1SE,FY5   1SE,Order Received,2022/12/02
BRU00011557,Toothbrush 2000,2022/12/01,57,5,DY5 2JS,DY5   2JS,Order Confirmed,2022/12/01
BRU00011426,Toothbrush 4000,2022/12/02,13,7,EX12 2LZ,EX12   2LZ,Order Received,2022/12/02
BRU00011509,Toothbrush 4000,2022/12/01,33,5,G75 8HB,G75   8HB,Order Received,2022/12/01
BRU00011146,Toothbrush 4000,2022/12/02,28,1,G42 0PH,G42   0PH,Order Received,2022/12/02
BRU00011581,Toothbrush 4000,2022/12/02,12,1,DH5 9DY,DH5   9DY,Order Received,2022/12/02
BRU00011229,Toothbrush 4000,2022/12/02,17,9,CB23 7WJ,CB23   7WJ,Order Confirmed,2022/12/02
BRU00011324,Toothbrush 2000,2022/12/01,62,4,HP7 9NA,HP7   9NA,Order Received,2022/12/01
BRU00011263,Toothbrush 2000,2022/12/02,76,8,EX22 6NQ,EX22   6NQ,Order Confirmed,2022/12/02
BRU00011417,Toothbrush 2000,2022/12/01,72,1,DA13 9DJ,DA13   9DJ,Order Received,2022/12/01
BRU00011559,Toothbrush 4000,2022/12/02,21,5,G41 2NA,G41   2NA,Order Confirmed,2022/12/02
BRU00011140,Toothbrush 4000,2022/12/02,35,3,BS28 4HW,BS28   4HW,Order Confirmed,2022/12/02
BRU00011569,Toothbrush 2000,2022/12/02,68,9,BD19 3LD,BD19   3LD,Order Confirmed,2022/12/02
BRU00010996,Toothbrush 2000,2022/12/01,73,5,EX16 6LW,EX16   6LW,Order Confirmed,2022/12/01
BRU00011135,Toothbrush 4000,2022/12/02,20,9,DG8 0BX,DG8   0BX,Order Received,2022/12/02
BRU00011262,Toothbrush 4000,2022/12/02,28,7,FY7 6JH,FY7   6JH,Order Received,2022/12/02
BRU00010943,Toothbrush 4000,2022/12/01,9,4,AL3 7HT,AL3   7HT,Order Received,2022/12/01
BRU00011664,Toothbrush 4000,2022/12/02,21,8,CR4 4DZ,CR4   4DZ,Order Received,2022/12/02
BRU00011125,Toothbrush 4000,2022/12/01,34,2,HS2 9NG,HS2   9NG,Order Received,2022/12/01
BRU00011357,Toothbrush 2000,2022/12/02,77,4,CT11 0AY,CT11   0AY,Order Confirmed,2022/12/02
BRU00011414,Toothbrush 4000,2022/12/01,28,5,CO6 4RE,CO6   4RE,Order Confirmed,2022/12/01
BRU00011315,Toothbrush 4000,2022/12/02,27,7,G14 9DU,G14   9DU,Order Received,2022/12/02
BRU00011379,Toothbrush 2000,2022/12/01,67,9,AB11 6XL,AB11   6XL,Order Received,2022/12/01
BRU00011360,Toothbrush 2000,2022/12/02,70,7,BL9 8PA,BL9   8PA,Order Received,2022/12/02
BRU00011173,Toothbrush 2000,2022/12/02,69,3,B47 6JX,B47   6JX,Order Received,2022/12/02
BRU00011582,Toothbrush 4000,2022/12/01,35,6,CV6 4LP,CV6   4LP,Order Confirmed,2022/12/01
BRU00010846,Toothbrush 2000,2022/12/01,99,7,CF64 3DQ,CF64   3DQ,Order Confirmed,2022/12/01
BRU00011126,Toothbrush 4000,2022/12/02,24,3,B4 6RL,B4   6RL,Order Confirmed,2022/12/02
BRU00011527,Toothbrush 4000,2022/12/02,20,9,IP22 5SF,IP22   5SF,Order Received,2022/12/02
BRU00011528,Toothbrush 4000,2022/12/01,33,7,HP15 7PF,HP15   7PF,Order Received,2022/12/01
BRU00011195,Toothbrush 2000,2022/12/01,63,2,AB54 8JY,AB54   8JY,Order Received,2022/12/01
BRU00010894,Toothbrush 4000,2022/12/01,15,6,CW3 0EQ,CW3   0EQ,Order Confirmed,2022/12/01
BRU00011278,Toothbrush 2000,2022/12/01,84,9,BA20 2LL,BA20   2LL,Order Confirmed,2022/12/01
BRU00011177,Toothbrush 2000,2022/12/01,81,1,DN11 9AY,DN11   9AY,Order Confirmed,2022/12/01
BRU00010883,Toothbrush 2000,2022/12/02,76,1,BB8 8ET,BB8   8ET,Order Confirmed,2022/12/02
BRU00011506,Toothbrush 4000,2022/12/02,33,2,FK8 2ET,FK8   2ET,Order Confirmed,2022/12/02
BRU00011420,Toothbrush 2000,2022/12/01,71,2,CH4 9JF,CH4   9JF,Order Received,2022/12/01
BRU00010831,Toothbrush 4000,2022/12/02,20,1,DH8 7DB,DH8   7DB,Order Confirmed,2022/12/02
BRU00011640,Toothbrush 4000,2022/12/02,20,3,B32 3JA,B32   3JA,Order Received,2022/12/02
BRU00011364,Toothbrush 4000,2022/12/02,33,4,AL3 5AY,AL3   5AY,Order Received,2022/12/02
BRU00011629,Toothbrush 2000,2022/12/01,70,1,DH1 1XH,DH1   1XH,Order Received,2022/12/01
BRU00011297,Toothbrush 2000,2022/12/02,90,6,B90 3HU,B90   3HU,Order Confirmed,2022/12/02
BRU00011321,Toothbrush 4000,2022/12/02,3,8,EX10 9DJ,EX10   9DJ,Order Received,2022/12/02
BRU00011515,Toothbrush 2000,2022/12/02,65,4,CV37 8LX,CV37   8LX,Order Received,2022/12/02
BRU00011619,Toothbrush 4000,2022/12/02,26,5,CT15 4DT,CT15   4DT,Order Confirmed,2022/12/02
BRU00011771,Toothbrush 2000,2022/12/02,99,6,DA2 6HS,DA2   6HS,Order Confirmed,2022/12/02
BRU00010939,Toothbrush 4000,2022/12/02,7,3,EX7 0JQ,EX7   0JQ,Order Received,2022/12/02
BRU00011077,Toothbrush 2000,2022/12/01,72,6,BL7 9RS,BL7   9RS,Order Confirmed,2022/12/01
BRU00011561,Toothbrush 2000,2022/12/01,59,6,CM6 1SH,CM6   1SH,Order Received,2022/12/01
BRU00011658,Toothbrush 4000,2022/12/01,34,4,IP23 8BF,IP23   8BF,Order Received,2022/12/01
BRU00010960,Toothbrush 2000,2022/12/01,85,1,BS35 1RJ,BS35   1RJ,Order Received,2022/12/01
BRU00011447,Toothbrush 2000,2022/12/01,76,7,GU8 5UN,GU8   5UN,Order Received,2022/12/01
BRU00010931,Toothbrush 4000,2022/12/02,29,6,BR1 9SW,BR1   9SW,Order Confirmed,2022/12/02
BRU00010991,Toothbrush 4000,2022/12/01,38,4,CT5 2SL,CT5   2SL,Order Received,2022/12/01
BRU00011036,Toothbrush 4000,2022/12/02,23,2,DN32 8BH,DN32   8BH,Order Confirmed,2022/12/02
BRU00010949,Toothbrush 2000,2022/12/02,77,1,E15 1AH,E15   1AH,Order Confirmed,2022/12/02
BRU00010968,Toothbrush 2000,2022/12/02,64,9,B60 4NE,B60   4NE,Order Received,2022/12/02
BRU00011162,Toothbrush 2000,2022/12/01,58,3,DL10 4GE,DL10   4GE,Order Confirmed,2022/12/01
BRU00011548,Toothbrush 2000,2022/12/01,69,9,HX3 5FA,HX3   5FA,Order Confirmed,2022/12/01
BRU00011684,Toothbrush 4000,2022/12/02,34,2,HG3 1DX,HG3   1DX,Order Confirmed,2022/12/02
BRU00011080,Toothbrush 4000,2022/12/02,7,3,EX12 2SJ,EX12   2SJ,Order Confirmed,2022/12/02
BRU00011201,Toothbrush 2000,2022/12/01,84,3,AL8 7BP,AL8   7BP,Order Confirmed,2022/12/01
BRU00011030,Toothbrush 2000,2022/12/01,77,7,DN21 1FW,DN21   1FW,Order Received,2022/12/01
BRU00010922,Toothbrush 2000,2022/12/01,74,3,DE55 7QA,DE55   7QA,Order Received,2022/12/01
BRU00011001,Toothbrush 2000,2022/12/01,86,3,DL15 9LA,DL15   9LA,Order Confirmed,2022/12/01
BRU00011308,Toothbrush 2000,2022/12/01,75,9,GL2 7JR,GL2   7JR,Order Received,2022/12/01
BRU00011078,Toothbrush 4000,2022/12/01,20,6,B71 2AR,B71   2AR,Order Confirmed,2022/12/01
BRU00011075,Toothbrush 2000,2022/12/02,84,2,E7 8PW,E7   8PW,Order Received,2022/12/02
BRU00011740,Toothbrush 4000,2022/12/02,18,4,BA8 0EN,BA8   0EN,Order Received,2022/12/02
BRU00011207,Toothbrush 2000,2022/12/02,93,7,BN25 2JJ,BN25   2JJ,Order Confirmed,2022/12/02
BRU00011643,Toothbrush 2000,2022/12/02,81,2,G20 7RW,G20   7RW,Order Received,2022/12/02
BRU00011072,Toothbrush 2000,2022/12/01,63,1,HX4 9ET,HX4   9ET,Order Confirmed,2022/12/01
BRU00011580,Toothbrush 2000,2022/12/02,83,3,BH1 2DE,BH1   2DE,Order Confirmed,2022/12/02
BRU00011678,Toothbrush 2000,2022/12/02,60,3,CW11 4QG,CW11   4QG,Order Received,2022/12/02
BRU00010824,Toothbrush 4000,2022/12/01,2,1,CT7 9EE,CT7   9EE,Order Confirmed,2022/12/02
BRU00011403,Toothbrush 2000,2022/12/01,68,2,B43 7UT,B43   7UT,Order Confirmed,2022/12/01
BRU00011276,Toothbrush 4000,2022/12/01,15,2,B68 9RE,B68   9RE,Order Received,2022/12/01
BRU00011104,Toothbrush 2000,2022/12/02,86,6,DN21 2TT,DN21   2TT,Order Received,2022/12/02
BRU00010861,Toothbrush 2000,2022/12/02,87,1,CF31 2DG,CF31   2DG,Order Confirmed,2022/12/02
BRU00011547,Toothbrush 2000,2022/12/01,83,8,HD6 3AW,HD6   3AW,Order Confirmed,2022/12/02
BRU00010902,Toothbrush 2000,2022/12/01,85,6,BH12 3BA,BH12   3BA,Order Received,2022/12/01
BRU00011769,Toothbrush 4000,2022/12/02,21,5,IP19 0ER,IP19   0ER,Order Received,2022/12/02
BRU00011054,Toothbrush 2000,2022/12/01,40,3,BL78 1BF,BL78   1BF,Order Received,2022/12/01
BRU00011081,Toothbrush 4000,2022/12/01,26,3,E14 3DT,E14   3DT,Order Confirmed,2022/12/01
BRU00011062,Toothbrush 4000,2022/12/02,26,8,EN2 8PN,EN2   8PN,Order Confirmed,2022/12/02
BRU00010928,Toothbrush 4000,2022/12/01,28,6,HX4 9PX,HX4   9PX,Order Confirmed,2022/12/01
BRU00011130,Toothbrush 4000,2022/12/02,17,6,CH46 8SR,CH46   8SR,Order Confirmed,2022/12/02
BRU00011765,Toothbrush 2000,2022/12/01,69,6,HU12 9HN,HU12   9HN,Order Confirmed,2022/12/01
BRU00010983,Toothbrush 4000,2022/12/01,34,5,E17 3BL,E17   3BL,Order Confirmed,2022/12/01
BRU00010986,Toothbrush 4000,2022/12/02,23,4,G81 6DS,G81   6DS,Order Confirmed,2022/12/02
BRU00010938,Toothbrush 2000,2022/12/01,72,7,BS10 6HH,BS10   6HH,Order Confirmed,2022/12/01
BRU00010919,Toothbrush 2000,2022/12/01,64,4,HU7 4DX,HU7   4DX,Order Confirmed,2022/12/01
BRU00010923,Toothbrush 2000,2022/12/01,56,8,EX4 7AQ,EX4   7AQ,Order Confirmed,2022/12/01
BRU00011407,Toothbrush 2000,2022/12/01,75,6,EH7 6PU,EH7   6PU,Order Received,2022/12/01
BRU00011504,Toothbrush 2000,2022/12/02,70,5,CV4 8GZ,CV4   8GZ,Order Received,2022/12/02
BRU00011516,Toothbrush 2000,2022/12/01,80,9,B71 2LW,B71   2LW,Order Confirmed,2022/12/01
BRU00011143,Toothbrush 2000,2022/12/02,70,4,DL8 5FA,DL8   5FA,Order Received,2022/12/02
BRU00011579,Toothbrush 2000,2022/12/02,76,4,B23 7TA,B23   7TA,Order Confirmed,2022/12/02
BRU00011350,Toothbrush 4000,2022/12/02,36,3,E14 8SW,E14   8SW,Order Confirmed,2022/12/02
BRU00010847,Toothbrush 2000,2022/12/01,82,5,BA14 6LE,BA14   6LE,Order Confirmed,2022/12/01
BRU00011733,Toothbrush 4000,2022/12/01,25,8,CM9 8AF,CM9   8AF,Order Received,2022/12/01
BRU00011136,Toothbrush 4000,2022/12/02,27,3,BN2 0FP,BN2   0FP,Order Received,2022/12/02
BRU00010811,Toothbrush 4000,2022/12/02,23,6,EN5 5JN,EN5   5JN,Order Received,2022/12/02
BRU00011084,Toothbrush 4000,2022/12/02,46,6,EH10 4QQ,EH10   4QQ,Order Received,2022/12/02
BRU00010855,Toothbrush 2000,2022/12/02,71,6,DH7 0SF,DH7   0SF,Order Received,2022/12/02
BRU00011311,Toothbrush 4000,2022/12/02,14,8,G53 7TE,G53   7TE,Order Received,2022/12/02
BRU00011129,Toothbrush 2000,2022/12/02,70,6,DH4 7DU,DH4   7DU,Order Confirmed,2022/12/02
BRU00011042,Toothbrush 2000,2022/12/01,90,1,HP20 9PB,HP20   9PB,Order Confirmed,2022/12/01
BRU00010979,Toothbrush 4000,2022/12/02,0,3,AL10 0EJ,AL10   0EJ,Order Received,2022/12/02
BRU00011724,Toothbrush 2000,2022/12/01,59,9,HU4 7DL,HU4   7DL,Order Confirmed,2022/12/01
BRU00010976,Toothbrush 4000,2022/12/02,25,7,GU22 0AS,GU22   0AS,Order Confirmed,2022/12/02
BRU00010998,Toothbrush 4000,2022/12/02,17,5,G15 7QT,G15   7QT,Order Confirmed,2022/12/02
BRU00011349,Toothbrush 2000,2022/12/01,79,1,CT15 7AD,CT15   7AD,Order Received,2022/12/01
BRU00011537,Toothbrush 4000,2022/12/01,18,8,BD9 5PP,BD9   5PP,Order Received,2022/12/01
BRU00011465,Toothbrush 4000,2022/12/02,22,6,CT20 3RW,CT20   3RW,Order Received,2022/12/02
BRU00011354,Toothbrush 2000,2022/12/01,70,3,DT4 9JA,DT4   9JA,Order Received,2022/12/01
BRU00010879,Toothbrush 2000,2022/12/02,62,2,CH64 6AA,CH64   6AA,Order Confirmed,2022/12/02
BRU00011176,Toothbrush 4000,2022/12/02,25,4,HA6 2WG,HA6   2WG,Order Received,2022/12/02
BRU00011331,Toothbrush 2000,2022/12/02,72,7,GU12 6BY,GU12   6BY,Order Confirmed,2022/12/02
BRU00010817,Toothbrush 4000,2022/12/01,26,8,BR1 2HN,BR1   2HN,Order Received,2022/12/01
BRU00010862,Toothbrush 2000,2022/12/02,61,4,DD8 4EX,DD8   4EX,Order Confirmed,2022/12/02
BRU00011578,Toothbrush 4000,2022/12/02,14,4,EX32 0SZ,EX32   0SZ,Order Confirmed,2022/12/02
BRU00010951,Toothbrush 2000,2022/12/01,77,4,HP12 4UH,HP12   4UH,Order Confirmed,2022/12/01
BRU00011102,Toothbrush 4000,2022/12/02,11,9,BN1 6RF,BN1   6RF,Order Received,2022/12/02
BRU00011205,Toothbrush 2000,2022/12/01,61,8,GL2 2EU,GL2   2EU,Order Confirmed,2022/12/01
BRU00011614,Toothbrush 2000,2022/12/02,67,8,BD23 3FD,BD23   3FD,Order Received,2022/12/02
BRU00011621,Toothbrush 4000,2022/12/02,25,4,IP11 9JQ,IP11   9JQ,Order Confirmed,2022/12/02
BRU00011623,Toothbrush 4000,2022/12/02,29,3,CM8 1JR,CM8   1JR,Order Received,2022/12/02
BRU00011089,Toothbrush 2000,2022/12/01,69,2,GU51 2UE,GU51   2UE,Order Received,2022/12/01
BRU00011055,Toothbrush 2000,2022/12/01,71,3,HG2 8AE,HG2   8AE,Order Confirmed,2022/12/01
BRU00011463,Toothbrush 4000,2022/12/02,40,5,BL9 0NP,BL9   0NP,Order Received,2022/12/02
BRU00011252,Toothbrush 2000,2022/12/02,94,6,GU20 6JE,GU20   6JE,Order Received,2022/12/02
BRU00011496,Toothbrush 4000,2022/12/02,22,2,EN7 5QN,EN7   5QN,Order Confirmed,2022/12/02
BRU00011279,Toothbrush 2000,2022/12/01,82,7,BB12 7QT,BB12   7QT,Order Received,2022/12/01
BRU00011064,Toothbrush 2000,2022/12/01,85,7,GU51 2RU,GU51   2RU,Order Confirmed,2022/12/01
BRU00011144,Toothbrush 4000,2022/12/02,21,8,CH7 6GJ,CH7   6GJ,Order Received,2022/12/02
BRU00011244,Toothbrush 2000,2022/12/02,64,4,E1W 2JW,E1W   2JW,Order Received,2022/12/02
BRU00011380,Toothbrush 4000,2022/12/01,23,9,BB9 7BY,BB9   7BY,Order Received,2022/12/01
BRU00011053,Toothbrush 2000,2022/12/02,60,9,DN12 1DY,DN12   1DY,Order Confirmed,2022/12/02
BRU00011442,Toothbrush 4000,2022/12/02,28,4,E3 3TS,E3   3TS,Order Received,2022/12/02
BRU00011478,Toothbrush 4000,2022/12/02,25,6,BN11 2NW,BN11   2NW,Order Confirmed,2022/12/02
BRU00010844,Toothbrush 2000,2022/12/02,75,3,GL56 0PT,GL56   0PT,Order Confirmed,2022/12/02
BRU00010838,Toothbrush 4000,2022/12/02,31,7,BS21 6YQ,BS21   6YQ,Order Received,2022/12/02
BRU00011416,Toothbrush 4000,2022/12/02,14,7,AB43 6JA,AB43   6JA,Order Received,2022/12/02
BRU00011721,Toothbrush 2000,2022/12/02,68,6,FY6 0EG,FY6   0EG,Order Received,2022/12/02
BRU00010860,Toothbrush 2000,2022/12/01,59,4,G66 2BP,G66   2BP,Order Confirmed,2022/12/01
BRU00011092,Toothbrush 2000,2022/12/02,58,9,DL7 8PY,DL7   8PY,Order Confirmed,2022/12/02
BRU00011421,Toothbrush 4000,2022/12/01,19,5,B90 3NU,B90   3NU,Order Confirmed,2022/12/01
BRU00011070,Toothbrush 2000,2022/12/02,55,5,B1 3AG,B1   3AG,Order Confirmed,2022/12/02
BRU00011182,Toothbrush 4000,2022/12/02,24,2,GY6 8TY,GY6   8TY,Order Confirmed,2022/12/02
BRU00011597,Toothbrush 4000,2022/12/01,22,2,GL51 3XG,GL51   3XG,Order Confirmed,2022/12/01
BRU00011616,Toothbrush 2000,2022/12/01,82,1,DE21 7RS,DE21   7RS,Order Received,2022/12/01
BRU00011386,Toothbrush 4000,2022/12/02,11,7,DL12 0PG,DL12   0PG,Order Received,2022/12/02
BRU00011701,Toothbrush 4000,2022/12/02,26,4,DH6 5NP,DH6   5NP,Order Confirmed,2022/12/02
BRU00011743,Toothbrush 2000,2022/12/01,77,8,HR6 0RL,HR6   0RL,Order Confirmed,2022/12/02
BRU00011071,Toothbrush 2000,2022/12/01,81,4,DY6 7FP,DY6   7FP,Order Received,2022/12/01
BRU00011777,Toothbrush 2000,2022/12/02,84,9,EH15 3BB,EH15   3BB,Order Received,2022/12/02
BRU00010944,Toothbrush 2000,2022/12/02,95,5,CB10 9SL,CB10   9SL,Order Received,2022/12/02
BRU00011107,Toothbrush 4000,2022/12/02,13,7,B23 6SS,B23   6SS,Order Confirmed,2022/12/02
BRU00011524,Toothbrush 4000,2022/12/02,35,5,CT13 0JR,CT13   0JR,Order Confirmed,2022/12/02
BRU00011499,Toothbrush 2000,2022/12/02,75,2,CO15 3PQ,CO15   3PQ,Order Received,2022/12/02
BRU00011181,Toothbrush 2000,2022/12/02,55,2,CB1 0JB,CB1   0JB,Order Confirmed,2022/12/02
BRU00011050,Toothbrush 4000,2022/12/01,14,7,AB56 5UN,AB56   5UN,Order Received,2022/12/01
BRU00011109,Toothbrush 4000,2022/12/02,33,9,GL7 1AX,GL7   1AX,Order Received,2022/12/02
BRU00011259,Toothbrush 4000,2022/12/02,17,7,CB4 3DN,CB4   3DN,Order Received,2022/12/02
BRU00011413,Toothbrush 4000,2022/12/02,25,3,HA1 3TL,HA1   3TL,Order Received,2022/12/02
BRU00011654,Toothbrush 2000,2022/12/01,71,8,G82 3HA,G82   3HA,Order Confirmed,2022/12/02
BRU00011255,Toothbrush 2000,2022/12/01,98,9,BN45 7FJ,BN45   7FJ,Order Confirmed,2022/12/01
BRU00011234,Toothbrush 4000,2022/12/01,21,9,AB43 6SZ,AB43   6SZ,Order Confirmed,2022/12/02
BRU00010867,Toothbrush 2000,2022/12/02,79,2,G66 4RL,G66   4RL,Order Received,2022/12/02
BRU00010930,Toothbrush 2000,2022/12/01,73,3,CF37 2DH,CF37   2DH,Order Confirmed,2022/12/01
BRU00011657,Toothbrush 4000,2022/12/02,38,2,IP22 1DR,IP22   1DR,Order Received,2022/12/02
BRU00010840,Toothbrush 4000,2022/12/02,39,2,HR6 8BN,HR6   8BN,Order Confirmed,2022/12/02
BRU00010897,Toothbrush 2000,2022/12/01,66,1,G42 2HW,G42   2HW,Order Confirmed,2022/12/01
BRU00010899,Toothbrush 4000,2022/12/01,20,3,EX16 9FJ,EX16   9FJ,Order Confirmed,2022/12/02
BRU00010822,Toothbrush 4000,2022/12/02,34,8,CM20 2AD,CM20   2AD,Order Received,2022/12/02
BRU00010857,Toothbrush 4000,2022/12/02,45,8,B14 5PH,B14   5PH,Order Received,2022/12/02
BRU00011110,Toothbrush 4000,2022/12/02,29,2,G41 4PG,G41   4PG,Order Confirmed,2022/12/02
BRU00011117,Toothbrush 2000,2022/12/01,73,9,BN23 6BX,BN23   6BX,Order Received,2022/12/02
BRU00010823,Toothbrush 2000,2022/12/01,66,8,BB3 1JX,BB3   1JX,Order Confirmed,2022/12/02
BRU00011222,Toothbrush 4000,2022/12/02,27,4,HU13 9DF,HU13   9DF,Order Received,2022/12/02
BRU00011275,Toothbrush 4000,2022/12/02,23,3,CM8 3FR,CM8   3FR,Order Confirmed,2022/12/02
BRU00011628,Toothbrush 2000,2022/12/01,87,1,HP17 8AB,HP17   8AB,Order Confirmed,2022/12/01
BRU00010947,Toothbrush 4000,2022/12/02,39,6,EH54 6NA,EH54   6NA,Order Received,2022/12/02
BRU00011458,Toothbrush 4000,2022/12/02,21,7,CM14 5NL,CM14   5NL,Order Received,2022/12/02
BRU00011093,Toothbrush 4000,2022/12/02,26,4,E2 8FT,E2   8FT,Order Received,2022/12/02
BRU00010907,Toothbrush 2000,2022/12/01,77,1,BR5 2LY,BR5   2LY,Order Received,2022/12/01
